{"cameraMode":{"drawMode":0,"name":"Shaded","section":"Shading Mode"},"sceneLighting":true,"audioPlay":false,"sceneViewState":{"m_AlwaysRefresh":false,"showFog":true,"showSkybox":true,"showFlares":true,"showImageEffects":true,"showParticleSystems":true,"showVisualEffectGraphs":true,"m_FxEnabled":true},"in2DMode":false,"pivot":{"x":83.33071899414063,"y":126.48474884033203,"z":-19.931880950927736},"rotation":{"x":0.5784522294998169,"y":0.40622854232788088,"z":0.5798168778419495,"w":-0.40521565079689028},"size":51.87699508666992,"orthographic":false}